LOCALITE;AGENCE;0;1;2;3;4;5;J1;J2;J3
Agadir;Agence agadir;0;0;0;0;0;0;1;0;0
Guelmim;Agence Guelmim;0;0;0;0;0;0;1;0;0
Biougra;Agence agadir;0;0;0;0;0;0;1;0;0
Tan tan;Agence Guelmim;1;0;1;0;0;0;0;0;0
Ait melloul;Agence agadir;0;0;0;0;0;0;1;0;0
Taroudant;Agence Taroudant;0;0;0;0;0;0;1;0;0
Sidi ifni;Agence Tiznit;1;0;1;0;0;0;0;0;0
Taliouine;Agence Taroudant;1;0;1;0;0;0;0;0;0
Houara;Agence tanger;0;0;0;0;0;0;0;1;0
Tiznit;Agence Tiznit;0;0;0;0;0;0;1;0;0
Ait amira;Agence agadir;0;0;0;0;0;0;0;1;0
Ait aiaazza;Agence Taroudant;0;0;0;0;0;0;1;0;0
Taghazout;Agence agadir;0;0;0;0;0;0;1;0;0
Ait baha;Agence agadir;0;0;0;0;1;0;0;0;0
Tafraout;Agence Tiznit;0;0;0;0;1;0;0;0;0
Ait daoud;Agence agadir;0;1;0;0;0;0;0;0;0
Akka;Agence Taroudant;0;0;0;1;0;0;0;0;0
Aoufous;Agence Errachidia;0;0;0;0;1;0;0;0;0
Aoulouz;Agence Taroudant;1;0;1;0;0;0;0;0;0
Aourir;Agence agadir;0;0;0;0;0;0;1;0;0
Assa;Agence Guelmim;0;0;0;0;0;1;0;0;0
Bouizakarne;Agence Guelmim;0;1;0;1;0;0;0;0;0
Dcheira el jihadia;Agence agadir;0;0;0;0;0;0;1;0;0
Drargua;Agence agadir;0;0;0;0;0;0;1;0;0
El ouatia;Agence laayoune;1;0;0;0;0;0;0;0;0
Fam el hisn;Agence Guelmim;0;0;0;1;0;0;0;0;0
Ifrane atlas saghir;Agence Guelmim;0;0;0;1;0;0;0;0;0
Imouzzer des ida outanane;Agence agadir;0;1;0;0;0;0;0;0;0
Inezgane;Agence agadir;0;0;0;0;0;0;1;0;0
Igherm;Agence Taroudant;0;0;0;1;0;0;0;0;0
Lakhsas;Agence Tiznit;0;0;0;0;0;1;0;0;0
Lqliaa;Agence agadir;0;0;0;0;0;0;1;0;0
Massa;Agence Tiznit;0;1;0;1;0;0;0;0;0
Oulad berhil;Agence Taroudant;1;0;1;0;0;0;0;0;0
Oulad teima;Agence agadir;0;0;0;0;0;0;1;0;0
Oum el guerdane;Agence Taroudant;0;1;0;0;0;1;0;0;0
Sebt el guerdane;Agence Taroudant;0;1;0;0;0;1;0;0;0
Taghjijt;Agence Guelmim;0;1;0;1;0;0;0;0;0
Tamanar;Agence agadir;0;1;0;0;0;0;0;0;0
Tata;Agence Taroudant;0;0;0;1;0;0;0;0;0
Temsia;Agence agadir;0;0;0;0;0;0;1;0;0
Zag;Agence Guelmim;0;0;0;0;0;1;0;0;0
Lagfifat;Agence agadir;0;0;0;0;0;0;1;0;0
Ait igas;Agence Taroudant;1;0;1;0;0;0;0;0;0
Ouijjane;Agence Tiznit;0;0;0;0;0;0;1;0;0
Sidi bibi;Agence agadir;1;0;1;0;1;0;0;0;0
Bounaamane;Agence Tiznit;1;0;0;0;0;0;0;0;0
Mirleft;Agence Tiznit;1;0;0;0;0;0;0;0;0
Belfaa;Agence agadir;1;0;1;0;1;0;0;0;0
Argana;Agence agadir;0;0;0;1;0;0;0;0;0
Agence taroudant;Agence Taroudant;0;0;0;0;0;0;1;0;0
Igherm;Agence Taroudant;0;0;0;1;0;0;0;0;0
Tanalt;Agence tiznit;0;0;0;0;1;0;0;0;0
Imsouane;Agence agadir;0;1;0;0;0;0;0;0;0
Sidi moussa hamri;Agence Taroudant;0;1;0;0;0;1;0;0;0
Ida ou semlal;Agence Tiznit;0;0;0;0;1;0;0;0;0
Aglou;Agence Tiznit;1;0;1;0;1;0;0;0;0
Timoulay;Agence Tiznit;1;0;1;0;1;0;0;0;0
Anza;Agence agadir;0;0;0;0;0;0;1;0;0
Tin mansour;Agence agadir;1;0;1;0;1;0;0;0;0
Tikiouine;Agence agadir;0;0;0;0;0;0;1;0;0
Khmis ait wafka;Agence Tiznit;0;0;0;0;1;0;0;0;0
Tighmi;Agence Tiznit;0;0;0;0;1;0;0;0;0
Chtouka ait baha;Agence agadir;0;0;0;0;1;0;0;0;0
Tamri;Agence agadir;0;1;0;0;0;0;0;0;0
Amskroud;Agence agadir;0;0;0;0;0;0;1;0;0
Tissint;Agence Taroudant;0;0;0;1;0;0;0;0;0
Lakhssas;Agence Tiznit;0;0;0;0;0;1;0;0;0
Tamait;Agence agadir;0;0;0;0;0;0;1;0;0
Tighirt;Agence Tiznit;0;0;0;0;0;1;0;0;0
Anzi;Agence Tiznit;0;0;0;0;1;0;0;0;0
Tizoughrane;Agence Tiznit;0;0;0;0;1;0;0;0;0
Ait iaaza;Agence Taroudant;0;0;0;0;0;0;1;0;0
Arbaa sahel;Agence Tiznit;1;0;1;0;1;0;0;0;0
Tioughza;Agence Tiznit;0;0;1;0;0;0;0;0;0
Zaouia sidi tahar;Agence Taroudant;0;1;0;0;0;1;0;0;0
Bensergao;Agence agadir;0;0;0;0;0;0;1;0;0
Issafen;Agence Taroudant;0;0;0;1;0;0;0;0;0
Machraa el ain;Agence Taroudant;0;1;0;0;0;1;0;0;0
Tadrart;Agence agadir;0;1;0;0;0;0;0;0;0
Oulad aarfa;Agence Taroudant;0;0;0;0;0;0;1;0;0
Abaynou;Agence Guelmim;0;0;0;0;0;0;1;0;0
Ida ougnidif;Agence agadir;0;0;0;0;1;0;0;0;0
Adis;Agence Taroudant;0;0;0;1;0;0;0;0;0
Tagante;Agence Guelmim;0;1;0;1;0;0;0;0;0
Tafingoult;Agence Taroudant;1;0;1;0;0;0;0;0;0
Tamraght;Agence agadir;0;0;0;0;0;0;1;0;0
Ait boutayeb;Agence agadir;0;0;0;0;0;0;0;1;0
Ouzioua;Agence Taroudant;1;0;1;0;0;0;0;0;0
Tazmourte;Agence Taroudant;0;0;0;0;0;0;1;0;0
Ouled jerrar;Agence fès;1;0;0;0;0;0;0;0;0
El koudia el beida;Agence Taroudant;0;0;0;0;0;0;1;0;0
Oulad tarna;Agence Taroudant;0;0;0;0;0;0;1;0;0
Nador;Agence nador;0;0;0;0;0;0;1;0;0
Zaio;Agence nador;0;1;0;0;0;0;0;0;0
Bni Bouifrour;Agence nador;0;0;0;0;0;0;1;0;0
Bni bouayach;Agence AL Houceima;1;0;1;0;0;0;0;0;0
Al hoceima;Agence AL Houceima;0;0;0;0;0;0;1;0;0
Zeghanghane;Agence nador;0;0;0;0;0;0;1;0;0
Targuist;Agence AL Houceima;0;1;0;1;0;0;0;0;0
Issaguen;Agence AL Houceima;0;1;0;1;0;0;0;0;0
Boudinar;Agence nador;1;0;1;0;1;0;0;0;0
Ajdir hoceima;Agence AL Houceima;0;0;0;0;0;0;1;0;0
Al aroui;Agence nador;1;0;1;0;1;0;0;0;0
Ben taieb;Agence nador;1;0;1;0;1;0;0;0;0
Beni chiker;Agence nador;0;0;0;0;0;1;0;0;0
Beni ensar;Agence nador;0;0;0;0;0;1;0;0;0
Bni hadifa;Agence AL Houceima;0;1;0;1;0;0;0;0;0
Dar el kebdani;Agence nador;1;0;1;0;1;0;0;0;0
Driouch;Agence nador;1;0;1;0;1;0;0;0;0
Farkhana;Agence nador;0;0;0;0;0;1;0;0;0
Ihddaden;Agence nador;0;0;0;0;0;0;1;0;0
Imzouren;Agence AL Houceima;1;0;1;0;0;0;0;0;0
Jaadar;Agence nador;0;0;0;0;0;0;1;0;0
Kariat arekmane;Agence nador;0;1;0;0;0;0;0;0;0
Kassita;Agence nador;1;0;1;0;1;0;0;0;0
Kerouna;Agence nador;1;0;1;0;1;0;0;0;0
Midar;Agence nador;1;0;1;0;1;0;0;0;0
Ras el ma;Agence nador;0;1;0;0;0;0;0;0;0
Selouane;Agence nador;1;0;1;0;1;0;0;0;0
Sidi bouafif;Agence AL Houceima;1;0;1;0;1;0;0;0;0
Tafrisset;Agence nador;1;0;1;0;1;0;0;0;0
Tamassint;Agence AL Houceima;1;0;1;0;0;0;0;0;0
Tiztoutine;Agence nador;1;0;1;0;1;0;0;0;0
Touima;Agence nador;0;0;0;0;0;0;1;0;0
Ait youssef ou ali;Agence AL Houceima;1;0;1;0;1;0;0;0;0
Ain zohra;Agence nador;1;0;1;0;1;0;0;0;0
Ait kamra;Agence AL Houceima;0;0;0;0;0;0;1;0;0
Beni sidel louta;Agence nador;1;0;1;0;1;0;0;0;0
Trougout;Agence AL Houceima;0;0;0;0;0;1;0;0;0
Temsamane;Agence AL Houceima;1;0;1;0;0;0;0;0;0
Iaazanene;Agence nador;1;0;1;0;1;0;0;0;0
Bni boufrah;Agence AL Houceima;0;0;0;0;1;0;0;0;0
Ifarni;Agence nador;1;0;1;0;1;0;0;0;0
Tafersit;Agence nador;1;0;1;0;1;0;0;0;0
Beni abdellah;Agence AL Houceima;0;1;0;1;0;0;0;0;0
Rouadi;Agence AL Houceima;0;0;0;0;1;0;0;0;0
Beni sidal jbel;Agence nador;1;0;1;0;1;0;0;0;0
Tsaft;Agence nador;1;0;1;0;1;0;0;0;0
Abdelghaya souahel;Agence tétouan;0;1;0;0;1;0;0;0;0
Azlaf;Agence nador;1;0;1;0;1;0;0;0;0
Khémisset;Agence khémisset;0;0;0;0;0;0;1;0;0
Tiflet;Agence khémisset;1;0;1;0;1;0;0;0;0
Maaziz;Agence khémisset;0;1;0;1;0;0;0;0;0
Oulmès;Agence khémisset;0;1;0;0;0;0;0;0;0
Rommani;Agence khémisset;0;0;0;1;0;0;0;0;0
Sidi allal el bahraoui;Agence khémisset;1;0;1;0;0;0;0;0;0
Tidass;Agence khémisset;0;1;0;0;0;0;0;0;0
Ait yadin;Agence khémisset;1;0;0;0;0;0;0;0;0
Ain sbit;Agence khémisset;0;1;0;0;0;0;0;0;0
Ezzhiliga;Agence khémisset;0;0;0;1;0;0;0;0;0
El brachoua;Agence khémisset;0;1;0;0;0;0;0;0;0
El kansera;Agence khémisset;1;0;0;0;0;0;0;0;0
Sidi abderrazzak;Agence khémisset;0;0;1;0;0;0;0;0;0
Merchouch;Agence khémisset;0;1;0;0;0;0;0;0;0
Laghoualem;Agence khémisset;0;0;0;1;0;0;0;0;0
Sfassif;Agence khémisset;0;0;0;0;0;1;0;0;0
Beni mellal;Agence Beni mellal;0;0;0;0;0;0;1;0;0
Fkih ben salah;Agence Beni mellal;0;1;0;0;1;0;0;0;0
Kasba tadla;Agence Beni mellal;0;0;0;0;0;1;0;0;0
Sidi jaber;Agence Beni mellal;0;1;0;0;1;0;0;0;0
Aghbala;Agence Beni mellal;0;0;1;0;0;0;0;0;0
Souk sebt oulad nemma;Agence Beni mellal;0;1;0;0;1;0;0;0;0
Ouaouizeght;Agence Beni mellal;1;0;0;0;0;0;0;0;0
Ait ishaq;Agence Beni mellal;0;0;0;0;0;1;0;0;0
Azilal;Agence Beni mellal;1;0;0;1;0;0;0;0;0
Bradia;Agence Beni mellal;0;1;0;0;1;0;0;0;0
Bzou;Agence Beni mellal;0;0;0;1;0;0;0;0;0
Dar ould zidouh;Agence Beni mellal;0;0;0;0;1;0;0;0;0
El ksiba;Agence Beni mellal;0;0;1;0;0;0;0;0;0
Foum jamaa;Agence Beni mellal;0;0;0;1;0;0;0;0;0
Oulad ayad;Agence Beni mellal;0;0;0;0;1;0;0;0;0
Oulad Bourahmoun;Agence Beni mellal;0;1;0;0;1;0;0;0;0
Oulad m'barek;Agence Beni mellal;1;0;0;1;0;0;0;0;0
Oulad mrah;Agence Beni mellal;0;1;0;0;1;0;0;0;0
Oulad yaich;Agence Beni mellal;0;0;0;0;0;1;0;0;0
Tighassaline;Agence meknès;0;0;1;0;0;0;0;0;0
Zaouiat cheikh;Agence Beni mellal;0;0;0;0;0;1;0;0;0
Ouled moussa;Agence Beni mellal;1;0;0;0;0;0;0;0;0
Taghzirt;Agence Beni mellal;0;0;1;0;0;0;0;0;0
Ait attab;Agence Beni mellal;1;0;0;0;0;0;0;0;0
Oulad youssef;Agence Beni mellal;0;0;0;0;0;1;0;0;0
Tizi nisli;Agence Beni mellal;0;0;1;0;0;0;0;0;0
Sidi aissa;Agence Beni mellal;0;1;0;0;1;0;0;0;0
Oulad mbarek;Agence Beni mellal;1;0;0;1;0;0;0;0;0
Sidi hammadi;Agence Beni mellal;1;0;0;1;0;0;0;0;0
Bin el ouidane;Agence Beni mellal;1;0;0;0;0;0;0;0;0
Ahl merbaa;Agence Beni mellal;0;1;0;0;0;0;0;0;0
Tanant;Agence Beni mellal;0;0;0;1;0;0;0;0;0
Tabant;Agence Beni mellal;1;0;0;0;0;0;0;0;0
Ouzoud;Agence Beni mellal;1;0;0;0;0;0;0;0;0
Bou moussa;Agence Beni mellal;0;0;0;0;1;0;0;0;0
Oulad zmam;Agence Beni mellal;0;1;0;0;1;0;0;0;0
Ghorm el alem;Agence Beni mellal;0;0;1;0;0;0;0;0;0
Douar jdid;Agence marrakech;0;1;0;0;0;0;0;0;0
Beni ayat;Agence Beni mellal;0;0;0;0;1;0;0;0;0
Ait m'hamed;Agence Beni mellal;1;0;0;0;0;0;0;0;0
Moulay aissa ben driss;Agence Beni mellal;1;0;0;0;0;0;0;0;0
Wawla;Agence Beni mellal;0;0;0;1;0;0;0;0;0
Ait taguella;Agence Beni mellal;1;0;0;0;0;0;0;0;0
Timoulilte;Agence Beni mellal;0;0;0;1;0;0;0;0;0
Tagelft;Agence Beni mellal;0;0;0;1;0;0;0;0;0
Afourar;Agence Beni mellal;1;0;0;1;0;0;0;0;0
Tanougha;Agence Beni mellal;0;0;1;0;0;0;0;0;0
Ait ouabelli;Agence Taroudant;0;0;0;1;0;0;0;0;0
Foum oudi;Agence Beni mellal;1;0;0;1;0;0;0;0;0
Ighrem laalam;Agence Beni mellal;0;0;1;0;0;0;0;0;0
Ouaoula;Agence Beni mellal;0;0;0;1;0;0;0;0;0
Taounza;Agence Beni mellal;1;0;0;0;0;0;0;0;0
Beni oukil;Agence nador;1;0;1;0;1;0;0;0;0
Beni chegdale;Agence Beni mellal;0;0;0;0;1;0;0;0;0
Casablanca;Agence casablanca;0;0;0;0;0;0;1;0;0
Dar bouazza;Agence casablanca;0;0;0;0;0;0;1;0;0
Bouskoura;Agence casablanca;0;0;0;0;0;0;1;0;0
Had soualem;Agence casablanca;0;0;0;0;0;0;1;0;0
Ain harrouda;Agence casablanca;0;0;0;0;0;0;1;0;0
Médiouna;Agence casablanca;0;0;0;0;0;0;1;0;0
Nouaceur;Agence casablanca;0;0;0;0;0;0;1;0;0
Lahraouyine;Agence casablanca;0;0;0;0;0;0;1;0;0
Sidi rahhal;Agence casablanca;0;0;0;0;0;0;1;0;0
Tit mellil;Agence casablanca;0;0;0;0;0;0;1;0;0
Tamaris;Agence casablanca;0;0;0;0;0;0;1;0;0
Dakhla;Agence dakhla;0;0;0;0;0;0;0;0;1
Lagouira;Agence dakhla;0;0;0;0;0;1;0;0;0
Mhiriz;Agence dakhla;0;0;0;0;0;1;0;0;0
El jadida;Agence el jadida;0;0;0;0;0;0;1;0;0
Sidi bennour;Agence el jadida;0;1;0;0;1;0;0;0;0
Azemmour;Agence el jadida;0;0;0;0;0;0;1;0;0
Oualidia;Agence el jadida;1;0;0;1;0;0;0;0;0
Zemamra;Agence el jadida;1;0;0;1;0;0;0;0;0
Ouled hamdane;Agence el jadida;0;0;0;0;0;0;1;0;0
Oulad si bouhya;Agence el jadida;0;1;0;0;1;0;0;0;0
Laâounate;Agence el jadida;0;1;0;0;1;0;0;0;0
Lbir jdid;Agence el jadida;0;1;0;0;1;0;0;0;0
Moulay abdallah;Agence el jadida;0;0;0;0;0;0;1;0;0
Oulad amrane;Agence el jadida;0;1;0;0;1;0;0;0;0
Oulad frej;Agence el jadida;0;1;0;0;1;0;0;0;0
Oulad ghadbane;Agence el jadida;0;0;0;0;0;0;1;0;0
Sebt el maarif;Agence el jadida;0;0;0;0;0;0;1;0;0
Sidi bouzid;Agence el jadida;0;0;0;0;0;0;1;0;0
Sidi smail;Agence el jadida;0;1;0;0;1;0;0;0;0
Tnine chtouka;Agence el jadida;0;1;0;0;1;0;0;0;0
Sidi el abed;Agence el jadida;1;0;0;1;0;0;0;0;0
Ben maachou;Agence el jadida;0;1;0;0;1;0;0;0;0
Tnine gharbia;Agence tétouan;0;1;0;0;1;0;0;0;0
Boulaouane;Agence el jadida;0;1;0;0;1;0;0;0;0
Larbaa Moghress;Agence el jadida;0;1;0;0;1;0;0;0;0
Ouled ghanem;Agence el jadida;1;0;0;1;0;0;0;0;0
Sidi ali;Agence el jadida;0;0;0;0;0;0;1;0;0
Oulad bouaziz;Agence el jadida;0;1;0;0;1;0;0;0;0
Oulad hcine;Agence el jadida;0;1;0;0;1;0;0;0;0
Laaouinate;Agence el jadida;0;1;0;0;1;0;0;0;0
Jabria;Agence el jadida;0;1;0;0;1;0;0;0;0
Metrane;Agence el jadida;0;1;0;0;1;0;0;0;0
Msawer rasso;Agence el jadida;0;0;0;0;0;0;1;0;0
El Maachate;Agence el jadida;0;1;0;0;1;0;0;0;0
Bou ahmed;Agence el jadida;0;1;0;0;1;0;0;0;0
Jemaa mtal;Agence el jadida;0;1;0;0;1;0;0;0;0
Haouzia;Agence el jadida;0;0;0;0;0;0;1;0;0
Saniat berguig;Agence el jadida;1;0;0;1;0;0;0;0;0
Oulad aissa;Agence el jadida;1;0;0;1;0;0;0;0;0
Kénitra;Agence kénitra;0;0;0;0;0;0;1;0;0
Sidi kacem;Agence kénitra;1;0;1;0;0;0;0;0;0
Sidi allal tazi;Agence kénitra;0;0;0;1;0;0;0;0;0
Ain dorij;Agence fès;1;0;0;0;0;0;0;0;0
Brikcha;Agence Larache;0;1;0;0;0;0;0;0;0
Dar gueddari;Agence kénitra;0;0;0;0;0;1;0;0;0
Had kourt;Agence kénitra;0;1;0;0;0;0;0;0;0
Jorf el melha;Agence kénitra;0;0;0;0;1;0;0;0;0
Khénichet;Agence kénitra;0;0;0;0;1;0;0;0;0
Mechra bel ksiri;Agence kénitra;0;1;0;0;0;0;0;0;0
Mehdya;Agence kénitra;0;0;0;0;0;0;1;0;0
Sidi slimane;Agence kénitra;1;0;1;0;0;0;0;0;0
Sidi taibi;Agence kénitra;0;0;0;0;0;0;0;1;0
Sidi yahya el gharb;Agence kénitra;1;0;1;0;0;1;0;0;0
Zirara;Agence kénitra;1;0;1;0;0;0;0;0;0
Sidi mohamed lahmer;Agence kénitra;0;0;0;1;0;0;0;0;0
Ben mansour;Agence kénitra;0;0;0;1;0;0;0;0;0
Guelalfa msaada;Agence kénitra;0;0;0;0;1;0;0;0;0
Sidi ameur al hadi;Agence Larache;0;1;0;0;0;0;0;0;0
Zaitrat;Agence kénitra;1;0;1;0;0;0;0;0;0
Dar bel amri;Agence kénitra;1;0;1;0;0;0;0;0;0
Mograne;Agence kénitra;0;0;0;1;0;0;0;0;0
Sidi el kamel;Agence kénitra;0;1;0;0;0;0;0;0;0
Nouirate;Agence kénitra;0;1;0;0;0;0;0;0;0
Souk tlet du gharb;Agence kénitra;0;0;0;1;0;0;0;0;0
Sidi ayache;Agence kénitra;0;0;0;0;0;0;0;1;0
Ain defali;Agence kénitra;0;0;0;0;1;0;0;0;0
Bir rami;Agence kénitra;0;0;0;0;0;0;1;0;0
Asjen;Agence Larache;0;1;0;0;0;0;0;0;0
Ouazzane;Agence Larache;0;1;0;0;0;0;0;0;0
El mrabih;Agence kénitra;0;0;0;0;0;0;0;1;0
Masmouda;Agence Larache;0;1;0;0;0;0;0;0;0
Boumaiz;Agence kénitra;1;0;1;0;0;0;0;0;0
Laayayda;Agence rabat;0;0;0;0;0;0;0;1;0
Ouannana;Agence fès;1;0;0;0;0;0;0;0;0
El houafate;Agence kénitra;0;1;0;0;0;0;0;0;0
Zegota;Agence kénitra;1;0;0;0;0;0;0;0;0
Khouribga;Agence khouribga;0;0;0;0;0;0;1;0;0
Boujniba;Agence khouribga;0;0;0;0;0;0;1;0;0
Bejaad;Agence khouribga;1;0;1;0;1;0;0;0;0
Oued zem;Agence khouribga;1;0;1;0;1;0;0;0;0
Ben ahmed;Agence khouribga;0;1;0;0;0;0;0;0;0
Boulanouare;Agence khouribga;0;0;0;0;0;1;0;0;0
Hattane;Agence khouribga;0;0;0;0;0;1;0;0;0
Loulad;Agence khouribga;0;1;0;0;0;0;0;0;0
Moulay bouazza;Agence khouribga;1;0;1;0;1;0;0;0;0
Ait ammar;Agence khouribga;1;0;1;0;1;0;0;0;0
Ouled boughadi;Agence khouribga;1;0;1;0;1;0;0;0;0
Lagfaf;Agence khouribga;1;0;1;0;1;0;0;0;0
Bir mezou;Agence khouribga;1;0;1;0;1;0;0;0;0
Ben khiran;Agence khouribga;1;0;1;0;1;0;0;0;0
Bir mezoui;Agence khouribga;1;0;1;0;1;0;0;0;0
Braksa;Agence khouribga;1;0;1;0;1;0;0;0;0
Laayoune Sud;Agence laayoune;0;0;0;0;0;0;0;1;0
Es semara;Agence laayoune;0;0;0;0;1;0;0;0;0
Boujdour;Agence laayoune;0;0;1;0;0;0;0;0;0
Tarfaya;Agence laayoune;1;0;0;0;0;0;0;0;0
El marsa;Agence laayoune;0;0;0;0;0;0;0;1;0
Akhfennir;Agence laayoune;1;0;0;0;0;0;0;0;0
Foum el oued;Agence laayoune;0;0;0;0;0;0;0;1;0
Aftissat;Agence laayoune;0;0;1;0;0;0;0;0;0
Agti el ghazi;Agence laayoune;0;0;1;0;0;0;0;0;0
Marrakech;Agence marrakech;0;0;0;0;0;0;1;0;0
Ben guerir;Agence marrakech;1;0;0;1;0;1;0;0;0
Tamansourt;Agence marrakech;0;0;0;0;0;1;0;0;0
El kelaa des sraghna;Agence marrakech;1;0;0;1;0;0;0;0;0
Demnate;Agence marrakech;0;0;1;0;0;0;0;0;0
Imintanoute;Agence marrakech;0;1;0;0;0;0;0;0;0
Ourika;Agence marrakech;0;0;0;0;1;0;0;0;0
Ait ourir;Agence marrakech;1;0;1;0;0;0;0;0;0
Amizmiz;Agence marrakech;0;1;0;0;0;0;0;0;0
Assahrij;Agence marrakech;0;0;1;0;0;0;0;0;0
Chichaoua;Agence marrakech;0;1;0;0;0;0;0;0;0
Aghmat;Agence marrakech;0;0;0;0;1;0;0;0;0
Ighoud;Agence safi;0;1;0;1;0;0;0;0;0
Kattara;Agence marrakech;0;0;0;0;0;1;0;0;0
Laattaouia;Agence marrakech;1;0;0;1;0;0;0;0;0
Lakouablia;Agence marrakech;0;0;0;0;0;1;0;0;0
Lalla takarkoust;Agence marrakech;0;1;0;0;0;0;0;0;0
Moulay brahim;Agence marrakech;0;0;0;0;1;0;0;0;0
Sid l'mokhtar;Agence marrakech;0;1;0;0;0;0;0;0;0
Sid zouin;Agence marrakech;0;1;0;0;0;0;0;0;0
Sidi abdallah ghiat;Agence marrakech;0;0;1;0;0;0;0;0;0
Sidi bou othmane;Agence marrakech;1;0;0;1;0;1;0;0;0
Skhour rehamna;Agence marrakech;0;0;0;0;0;1;0;0;0
Tahannaout;Agence marrakech;0;0;0;0;1;0;0;0;0
Tameslouht;Agence marrakech;0;1;0;0;0;0;0;0;0
Douar saidat;Agence marrakech;0;1;0;0;0;0;0;0;0
Zemrane charqia;Agence marrakech;1;0;0;1;0;0;0;0;0
Asni;Agence marrakech;0;0;0;0;1;0;0;0;0
Bouchane;Agence marrakech;0;0;0;0;0;1;0;0;0
Touama;Agence marrakech;0;0;1;0;0;0;0;0;0
Ait hadi;Agence marrakech;0;1;0;0;0;0;0;0;0
Tamelelt;Agence marrakech;1;0;0;1;0;0;0;0;0
Ataouia;Agence marrakech;1;0;0;1;0;0;0;0;0
Harbil;Agence marrakech;0;0;0;0;0;1;0;0;0
El amria;Agence marrakech;1;0;0;1;0;0;0;0;0
Chwiter;Agence marrakech;1;0;1;0;0;0;0;0;0
Loudaya;Agence marrakech;0;1;0;0;0;0;0;0;0
Zaouïa de sidi ghanem;Agence marrakech;0;1;0;0;0;0;0;0;0
Al haouz;Agence marrakech;#N/A;#N/A;#N/A;#N/A;#N/A;#N/A;#N/A;#N/A;#N/A
Nzalet el adam;Agence marrakech;1;0;0;1;0;0;0;0;0
Mzoudia;Agence marrakech;0;1;0;0;0;0;0;0;0
Imlil;Agence marrakech;0;0;0;0;1;0;0;0;0
Nzalat laadam;Agence marrakech;1;0;0;1;0;1;0;0;0
Talat n'yaaqoub;Agence marrakech;0;0;0;0;1;0;0;0;0
Ait majden;Agence marrakech;0;0;1;0;0;0;0;0;0
Mzem sendhaja;Agence marrakech;1;0;0;1;0;0;0;0;0
Oulad dlim;Agence marrakech;0;0;0;0;0;1;0;0;0
Tassoultante;Agence marrakech;0;0;0;0;1;0;0;0;0
Agafay;Agence marrakech;0;1;0;0;0;0;0;0;0
Ait imour;Agence marrakech;0;1;0;0;0;0;0;0;0
Al ouidane;Agence marrakech;1;0;0;1;0;0;0;0;0
Douirane;Agence marrakech;0;1;0;0;0;0;0;0;0
Jaidate;Agence marrakech;1;0;0;1;0;0;0;0;0
Ait faska;Agence marrakech;0;0;1;0;0;0;0;0;0
Tassaout;Agence marrakech;1;0;0;1;0;0;0;0;0
Ait tamlil;Agence marrakech;0;0;1;0;0;0;0;0;0
Wld bani;Agence marrakech;0;1;0;0;0;0;0;0;0
Frouga;Agence marrakech;0;1;0;0;0;0;0;0;0
Sidi rahhal sud;Agence marrakech;0;0;1;0;0;0;0;0;0
Tidili;Agence marrakech;0;0;1;0;0;0;0;0;0
Ararcha;Agence marrakech;1;0;0;1;0;0;0;0;0
Ouled zerrad;Agence marrakech;1;0;0;1;0;0;0;0;0
Tafroukhte;Agence marrakech;0;1;0;0;0;0;0;0;0
Ouled hassoune;Agence marrakech;0;0;1;0;0;0;0;0;0
Jdoura;Agence marrakech;0;0;0;0;0;1;0;0;0
Tighdouine;Agence marrakech;0;0;1;0;0;0;0;0;0
Ait blal;Agence marrakech;0;0;1;0;0;0;0;0;0
Agence khémisset;Agence khémisset;0;0;0;0;0;0;1;0;0
Meknès;Agence meknès;0;0;0;0;0;0;1;0;0
Errachidia;Agence Errachidia;0;0;0;0;0;0;0;1;0
El Jorf;Agence Errachidia;0;0;0;0;1;0;0;0;0
Amanikidar;Agence  Errachidia;1;0;0;0;0;0;0;0;0
M'ssici;Agence  Errachidia;0;0;0;0;1;0;0;0;0
Tinghir;Agence Errachidia;1;0;0;0;0;0;0;0;0
Moulay driss zerhoun;Agence meknès;0;1;0;0;0;0;0;0;0
Tinejdad;Agence Errachidia;1;0;0;0;1;0;0;0;0
Imilchil;Agence beni mellal;0;0;1;0;0;0;0;0;0
El hajeb;Agence meknès;1;0;0;0;1;0;0;0;0
Erfoud;Agence Errachidia;0;0;0;0;1;0;0;0;0
Moulay ali chérif rissani;Agence Errachidia;0;0;0;0;1;0;0;0;0
Alnif;Agence Errachidia;0;0;0;0;1;0;0;0;0
Midelt;Agence Errachidia;0;1;0;1;0;0;0;0;0
Ain taoujdate;Agence meknès;0;0;0;0;1;0;0;0;0
Aghbalou;Agence Beni mellal;0;0;0;1;0;0;0;0;0
Agourai;Agence meknès;0;0;0;0;0;1;0;0;0
Aguelmous;Agence meknès;0;0;1;0;0;0;0;0;0
Ain jemaa;Agence meknès;0;1;0;0;0;0;0;0;0
Ain karma;Agence meknès;0;1;0;0;0;0;0;0;0
Ain leuh;Agence meknès;1;0;0;0;0;0;0;0;0
Ait boubidmane;Agence meknès;0;0;0;0;1;0;0;0;0
Amalou ighriben;Agence meknès;0;0;1;0;0;0;0;0;0
Azrou;Agence meknès;1;0;0;0;0;0;0;0;0
Bni tadjite;Agence Errachidia;0;0;0;0;0;1;0;0;0
Bouanane;Agence Errachidia;0;0;0;0;0;1;0;0;0
Boudnib;Agence Errachidia;0;0;0;0;0;1;0;0;0
Boumia;Agence meknès;0;0;0;1;0;0;0;0;0
El kbab;Agence meknès;0;0;1;0;0;0;0;0;0
Er rich;Agence Errachidia;0;1;0;1;0;0;0;0;0
Goulmima;Agence Errachidia;1;0;0;0;0;0;0;0;0
Gourrama;Agence Errachidia;0;1;0;0;0;0;0;0;0
Had bouhssoussen;Agence meknès;0;0;1;0;0;0;0;0;0
Had oued ifrane;Agence meknès;1;0;0;0;0;0;0;0;0
Haj kaddour;Agence meknès;0;0;0;0;1;0;0;0;0
Itzer;Agence meknès;0;0;0;1;0;0;0;0;0
Kehf nsour;Agence meknès;0;0;1;0;0;0;0;0;0
Kerrouchen;Agence meknès;0;0;0;1;0;0;0;0;0
Khénifra;Agence meknès;0;0;1;0;0;0;0;0;0
M'rirt;Agence meknès;0;0;1;0;0;0;0;0;0
Ouislane;Agence meknès;0;0;0;0;0;0;1;0;0
Sabaa aiyoun;Agence meknès;0;0;0;0;0;0;1;0;0
Sebt jahjouh;Agence meknès;0;0;0;0;0;1;0;0;0
Sidi addi;Agence meknès;1;0;0;0;0;0;0;0;0
Sidi ali ban hamdouche;Agence meknès;0;1;0;0;0;0;0;0;0
Tighza;Agence meknès;0;0;1;0;0;0;0;0;0
Timahdite;Agence meknès;1;0;0;0;0;0;0;0;0
Toulal;Agence meknès;0;0;0;0;0;0;1;0;0
Tounfite;Agence meknès;0;0;0;1;0;0;0;0;0
Zaida;Agence meknès;0;0;0;1;0;0;0;0;0
Boufakrane;Agence meknès;1;0;0;0;1;0;0;0;0
Merzouga;Agence Errachidia;0;0;0;0;1;0;0;0;0
Adarouche;Agence meknès;0;0;0;1;0;0;0;0;0
Outerbat;Agence Errachidia;0;0;0;1;0;0;0;0;0
Ait yaazem;Agence meknès;0;0;0;0;0;1;0;0;0
Sebaa aioun;Agence meknès;0;0;0;0;0;0;1;0;0
Ouaoumana;Agence meknès;0;0;1;0;0;0;0;0;0
El borj;Agence meknès;0;0;1;0;0;0;0;0;0
Melaab;Agence Errachidia;0;0;0;0;1;0;0;0;0
Sebt ait rahou;Agence khouribga;0;0;1;0;0;0;0;0;0
Bouderbala;Agence meknès;1;0;0;0;1;0;0;0;0
Ait iaazem;Agence meknès;0;0;0;0;0;1;0;0;0
Mejjat;Agence meknès;1;0;0;0;1;0;0;0;0
Mellab;Agence Errachidia;0;0;0;0;1;0;0;0;0
Bni ammar;Agence meknès;0;1;0;0;0;0;0;0;0
Oued jdida;Agence meknès;0;0;0;0;1;0;0;0;0
Dkhissa;Agence meknès;0;0;0;0;0;0;1;0;0
Kaf n'sour;Agence meknès;0;0;1;0;0;0;0;0;0
Aarab sebbah gheris;Agence Errachidia;0;0;0;0;1;0;0;0;0
Essifa;Agence Errachidia;0;0;0;0;1;0;0;0;0
Tigrigra;Agence meknès;1;0;0;0;0;0;0;0;0
Er rteb;Agence Errachidia;0;0;0;0;1;0;0;0;0
Garrouma;Agence meknès;#N/A;#N/A;#N/A;#N/A;#N/A;#N/A;#N/A;#N/A;#N/A
M'daghra;Agence Errachidia;0;0;0;0;1;0;0;0;0
Zaouiat sidi hamza;Agence Errachidia;0;1;0;1;0;0;0;0;0
Taghzout;Agence Errachidia;0;0;1;0;0;0;0;0;0
Ain khadem;Agence meknès;1;0;0;0;1;0;0;0;0
Sidi slimane moule el kifane;Agence meknès;0;0;0;0;0;0;1;0;0
Hassilabied;Agence Errachidia;0;0;0;0;1;0;0;0;0
Tadighoust;Agence Errachidia;1;0;0;0;0;0;0;0;0
Fezna;Agence Errachidia;0;0;0;0;1;0;0;0;0
Ait ayach;Agence meknès;0;0;0;1;0;0;0;0;0
Ain aghbal;Agence meknès;1;0;0;0;0;0;0;0;0
Ait ouallal;Agence meknès;0;0;0;0;1;0;0;0;0
Assoul;Agence Errachidia;1;0;0;0;0;0;0;0;0
Bitit;Agence Meknès;0;0;0;0;1;0;0;0;0
Mohammédia;Agence mohammédia;0;0;0;0;0;0;1;0;0
Bouznika;Agence mohammédia;0;0;0;0;0;0;0;1;0
Ben yakhlef;Agence mohammédia;0;0;0;0;0;0;0;1;0
Benslimane;Agence mohammédia;0;0;0;0;0;0;0;1;0
El mansouria;Agence mohammédia;0;0;0;0;0;0;0;1;0
Fedalate;Agence mohammédia;0;0;0;0;0;0;0;1;0
Dar el ghazouani;#N/A;#N/A;#N/A;#N/A;#N/A;#N/A;#N/A;#N/A;#N/A;#N/A
Jamaat fadilat;Agence mohammédia;0;0;0;0;0;0;0;1;0
Sidi bettache;Agence mohammédia;0;0;0;0;0;0;0;1;0
Douar oulad saada;#N/A;#N/A;#N/A;#N/A;#N/A;#N/A;#N/A;#N/A;#N/A;#N/A
Sidi moussa ben ali;Agence mohammédia;0;0;0;0;0;0;0;1;0
Chellalate;Agence mohammédia;0;0;0;0;0;0;0;1;0
Ain tekki;Agence mohammédia;0;0;0;0;0;0;1;0;0
Zenata;Agence casablanca;0;0;0;0;0;0;1;0;0
Sidi moussa el majdoub;Agence mohammédia;0;0;0;0;0;0;0;1;0
Ouarzazate;Agence ouarzazate;0;0;0;0;0;0;1;0;0
Zagora;Agence ouarzazate;1;0;0;0;0;0;0;0;0
Afra ;Agence ouarzazate;1;0;0;0;0;0;0;0;0
Tazenakht;Agence ouarzazate;0;0;0;1;0;0;0;0;0
Agdz;Agence ouarzazate;1;0;0;0;0;0;0;0;0
Boumalne dadès;Agence ouarzazate;0;0;1;0;0;0;0;0;0
El kelaa des mgouna;Agence ouarzazate;0;0;1;0;0;0;0;0;0
Foum zguid;Agence ouarzazate;0;0;0;1;0;0;0;0;0
Skoura;Agence ouarzazate;0;0;1;0;0;0;0;0;0
Tabounte;Agence ouarzazate;0;0;0;0;0;0;1;0;0
M'semrir;Agence ouarzazate;0;0;1;0;0;0;0;0;0
Tazarine;Agence ouarzazate;1;0;0;0;0;0;0;0;0
Tizounine;Agence taroudant;1;0;0;0;0;0;0;0;0
Tagounite;Agence ouarzazate;1;0;0;0;0;0;0;0;0
M'hamid el ghizlane;Agence ouarzazate;1;0;0;0;0;0;0;0;0
Tamgroute;Agence ouarzazate;1;0;0;0;0;0;0;0;0
Ait zineb;Agence ouarzazate;0;1;0;0;0;0;0;0;0
Tamezmoute;Agence ouarzazate;1;0;0;0;0;0;0;0;0
Toundoute;Agence ouarzazate;0;0;1;0;0;0;0;0;0
Nkoub;Agence ouarzazate;1;0;0;0;0;0;0;0;0
Tarmigte;Agence ouarzazate;0;0;0;0;0;0;1;0;0
Kasbah Ait Ben Hadda;Agence ouarzazate;0;1;0;0;0;0;0;0;0
Agouim;Agence ouarzazate;0;1;0;0;0;0;0;0;0
Ait aissa oubrahim;Agence Errachidia;1;0;0;0;0;0;0;0;0
Alougoum;Agence ouarzazate;0;0;0;1;0;0;0;0;0
Ferkla el oulia;Agence Errachidia;1;0;0;0;0;0;0;0;0
Ighrem nougdal;Agence ouarzazate;0;1;0;0;0;0;0;0;0
Amerzegane;Agence ouarzazate;0;1;0;0;0;0;0;0;0
Boumalen;Agence ouarzazate;0;0;1;0;0;0;0;0;0
Telouet;Agence ouarzazate;0;1;0;0;0;0;0;0;0
Ikniouen;Agence Errachidia;1;0;0;0;0;0;0;0;0
Tinzouline;Agence ouarzazate;1;0;0;0;0;0;0;0;0
Taghbalt;Agence ouarzazate;1;0;0;0;0;0;0;0;0
Bni zoli;Agence ouarzazate;1;0;0;0;0;0;0;0;0
Tafetchna;Agence ouarzazate;1;0;0;0;0;0;0;0;0
Ait hani;Agence Errachidia;1;0;0;0;0;0;0;0;0
Oujda;Agence oujda;0;0;0;0;0;0;1;0;0
Berkane;Agence Berkane;0;0;0;0;0;0;1;0;0
El aioun sidi mellouk;Agence oujda;0;0;0;0;1;0;0;0;0
Ain beni mathar;Agence oujda;0;1;0;1;0;0;0;0;0
Figuig;Agence oujda;0;1;0;0;0;0;0;0;0
Bouarfa;Agence oujda;0;1;0;0;0;0;0;0;0
Ahfir;Agence Berkane;0;0;0;0;0;0;1;0;0
Ain erreggada;Agence berkane;0;0;0;0;0;0;1;0;0
Aklim;Agence Berkane;0;0;0;0;0;0;1;0;0
Bni drar;Agence oujda;1;0;0;0;0;0;0;0;0
Jerada;Agence oujda;0;1;0;1;0;0;0;0;0
Madagh;Agence Berkane;0;0;0;0;0;0;1;0;0
Naima;Agence oujda;0;0;0;0;1;0;0;0;0
Oued heimer;Agence oujda;0;1;0;1;0;0;0;0;0
Saidia;Agence Berkane;0;0;0;0;0;0;1;0;0
Talsint;Agence Errachidia;0;0;0;0;0;1;0;0;0
Tendrara;Agence oujda;0;1;0;1;0;0;0;0;0
Touissit;Agence oujda;0;1;0;1;0;0;0;0;0
Laayoune nord;Agence oujda;0;0;0;0;1;0;0;0;0
Sidi slimane chraa;Agence Berkane;0;0;0;0;0;0;1;0;0
Beni drar;Agence Berkane;0;0;0;0;0;0;1;0;0
Laatamna;Agence Berkane;0;0;0;0;0;0;1;0;0
Sidi bouhria;Agence oujda;0;0;0;0;0;0;1;0;0
Zegzel;Agence Berkane;0;0;0;0;0;0;1;0;0
Douar sidi moussa;Agence marrakech;0;0;0;0;1;0;0;0;0
Tafoughalt;Agence Berkane;0;0;0;0;0;0;1;0;0
Chwihia;Agence Berkane;0;0;0;0;0;0;1;0;0
Tazaghine;Agence ouarzazate;0;0;1;0;0;0;0;0;0
Beni amer;Agence berkane;0;1;0;0;1;0;0;0;0
Aghbal;Agence Berkane;0;0;0;0;0;0;1;0;0
Mestferki;Agence oujda;0;0;0;0;1;0;0;0;0
Guenfouda;Agence oujda;0;0;0;0;1;0;0;0;0
Rabat;Agence rabat;0;0;0;0;0;0;1;0;0
Salé;Agence rabat;0;0;0;0;0;0;1;0;0
Tamesna;Agence rabat;0;0;0;0;0;0;0;1;0
Skhirate;Agence rabat;0;0;0;0;0;0;0;1;0
Ain el aouda;Agence rabat;0;0;0;0;0;0;0;1;0
Harhoura;Agence rabat;0;0;0;0;0;0;1;0;0
Sidi bouknadel;Agence rabat;0;0;0;0;0;0;0;1;0
Sala al jadida;Agence rabat;0;0;0;0;0;0;0;1;0
Ain atiq;Agence rabat;0;0;0;0;0;0;0;1;0
Sidi yahya zaer;Agence rabat;0;0;0;0;0;0;0;1;0
Souk el had sebbahe;Agence rabat;0;0;0;0;0;0;0;1;0
Témara;Agence rabat;0;0;0;0;0;0;1;0;0
Om azza;Agence rabat;0;0;0;0;0;0;0;1;0
Safi;Agence safi;0;0;0;0;0;0;1;0;0
Youssoufia;Agence safi;0;0;1;0;1;0;0;0;0
Bouguedra;Agence safi;0;0;1;0;1;0;0;0;0
Echemmaia;Agence safi;0;0;1;0;1;0;0;0;0
El hanchane;Agence safi;0;1;0;1;0;0;0;0;0
Jamaat shaim;Agence safi;0;0;1;0;1;0;0;0;0
Laakarta;Agence safi;0;1;0;1;0;0;0;0;0
Ounagha;Agence essaouira;0;0;0;1;0;0;0;0;0
Sebt gzoula;Agence safi;0;1;0;1;0;0;0;0;0
Sidi ahmed;Agence safi;0;0;1;0;1;0;0;0;0
Smimou;Agence essaouira;0;1;0;0;0;0;0;0;0
Tafetachte;Agence essaouira;0;0;0;1;0;0;0;0;0
Talmest;Agence safi;0;1;0;1;0;0;0;0;0
Birkouat;Agence essaouira;0;1;0;1;0;0;0;0;0
essaouira;Agence essaouira;0;0;0;0;0;0;1;0;0
Laaouamera;Agence Larache;1;0;1;0;1;0;0;0;0
Kasbat ayir;Agence el jadida;1;0;0;1;0;0;0;0;0
Hrara;Agence safi;0;1;0;1;0;0;0;0;0
Aquermoud;Agence essaouira;0;1;0;1;0;0;0;0;0
M'khalif;Agence essaouira;0;1;0;1;0;0;0;0;0
Labkhati;Agence safi;0;0;1;0;1;0;0;0;0
Had draa;Agence safi;0;1;0;1;0;0;0;0;0
Meskala;Agence essaouira;0;1;0;1;0;0;0;0;0
Sidi kaouki;Agence essaouira;0;0;0;1;0;0;0;0;0
Jdour;Agence safi;0;0;1;0;1;0;0;0;0
Tanger;Agence tanger;0;0;0;0;0;0;1;0;0
Ksar el kébir;Agence Larache;1;0;1;0;1;0;0;0;0
Ksar sghir;Agence tanger;0;0;1;0;0;1;0;0;0
Larache;Agence Larache;0;0;0;0;0;0;1;0;0
Asilah;Agence tanger;0;0;0;0;0;0;0;1;0
Moulay bousselham;Agence kénitra;0;0;0;1;0;0;0;0;0
Arbaoua;Agence Larache;1;0;1;0;1;0;0;0;0
Dar chaoui;Agence tanger;0;0;1;0;0;0;0;0;0
Gueznaia;Agence tanger;0;0;0;0;0;0;1;0;0
Khémis sahel;Agence Larache;0;0;0;1;0;0;0;0;0
Lalla mimouna;Agence kénitra;0;0;0;1;0;0;0;0;0
Sidi boubker;Agence Larache;1;0;1;0;1;0;0;0;0
Sidi lyamani;Agence Larache;0;0;0;1;0;0;0;0;0
Souk el arbaâ;Agence kénitra;0;0;0;1;0;0;0;0;0
El aouamra;agence Larache;1;0;1;0;1;0;0;0;0
Beni arouss;Agence Larache;0;0;0;1;0;0;0;0;0
Laouamra;agence Larache;1;0;1;0;1;0;0;0;0
Larbaa ayacha;Agence Larache;0;0;0;1;0;0;0;0;0
Melloussa;Agence tanger;0;0;1;0;0;1;0;0;0
Zouada;Agence Larache;1;0;1;0;1;0;0;0;0
Boukhalef;Agence tanger;0;0;0;0;0;0;1;0;0
Fahs anjra;Agence tanger;0;0;1;0;0;1;0;0;0
Jouamaa;Agence tanger;0;0;1;0;0;0;0;0;0
Fersioua;Agence tanger;0;0;1;0;0;1;0;0;0
Beni garfett;Agence Larache;0;0;0;1;0;0;0;0;0
Souaken;Agence Larache;0;1;0;0;0;0;0;0;0
Tatoft;Agence Larache;1;0;1;0;1;0;0;0;0
Sahel;Agence Larache;0;0;0;1;0;0;0;0;0
Sebt zinat;Agence tanger;0;0;1;0;0;0;0;0;0
Tazroute;Agence Larache;0;0;0;1;0;0;0;0;0
Laanasser;Agence taza;0;1;0;0;0;1;0;0;0
El Bahraouine;Agence tanger;0;0;1;0;0;1;0;0;0
Taza;Agence taza;0;0;0;0;0;0;1;0;0
Guercif;Agence taza;1;0;1;0;1;0;0;0;0
Taourirt;Agence taza;1;0;1;0;1;0;0;0;0
Oued amlil;Agence taza;0;1;0;0;0;1;0;0;0
Ajdir taza;Agence taza;0;0;0;1;0;0;0;0;0
Aknoul;Agence taza;0;0;0;1;0;0;0;0;0
Debdou;Agence taza;1;0;1;0;1;0;0;0;0
Oulad zbair;Agence taza;0;1;0;0;0;1;0;0;0
Tahla;Agence taza;0;1;0;0;0;1;0;0;0
Tainaste;Agence taza;0;1;0;0;0;1;0;0;0
Tizi ouasli;Agence taza;0;0;0;1;0;0;0;0;0
Had m'sila;Agence taza;0;1;0;0;0;1;0;0;0
Lamrija;Agence taza;1;0;1;0;1;0;0;0;0
Bni frassen;Agence taza;0;1;0;0;0;1;0;0;0
Tissaf;Agence taza;1;0;1;0;1;0;0;0;0
Mezguitem;Agence taza;0;0;0;1;0;0;0;0;0
Boukhaled;Agence taza;0;1;0;0;0;1;0;0;0
Taddart;Agence taza;1;0;1;0;1;0;0;0;0
Ouled rahou;Agence marrakech;0;0;0;0;1;0;0;0;0
Bourd;Agence taza;0;0;0;1;0;0;0;0;0
Bab marzouka;Agence taza;0;1;0;0;0;1;0;0;0
Gueldaman;Agence taza;0;0;0;1;0;0;0;0;0
Boured;Agence taza;0;0;0;1;0;0;0;0;0
Bouhlou;Agence taza;0;1;0;0;0;1;0;0;0
Msoun;Agence taza;1;0;1;0;1;0;0;0;0
Saka;Agence taza;1;0;1;0;1;0;0;0;0
Ait seghrouchen;Agence taza;0;0;1;0;0;0;0;0;0
M'sila;Agence taza;0;1;0;0;0;1;0;0;0
Meknassa;Agence taza;0;1;0;0;0;1;0;0;0
Bouchfaa;Agence taza;0;1;0;0;0;1;0;0;0
Tindite;Agence taza;1;0;1;0;1;0;0;0;0
Sidi ali borakba;Agence taza;0;0;0;1;0;0;0;0;0
Tétouan;Agence tétouan;0;0;0;0;0;0;1;0;0
Fnideq;Agence tétouan;0;0;0;0;0;0;1;0;0
Zoumi;Agence tétouan;0;1;0;0;1;0;0;0;0
Chefchaouen;Agence tétouan;0;1;0;0;1;0;0;0;0
Martil;Agence tétouan;0;0;0;0;0;0;1;0;0
M'diq;Agence tétouan;0;0;0;0;0;0;1;0;0
Stehat;Agence tétouan;0;0;1;0;0;1;0;0;0
Bab berred;Agence tétouan;0;1;0;0;1;0;0;0;0
Bab taza;Agence tétouan;0;1;0;0;1;0;0;0;0
Dar bni karrich;Agence tétouan;0;0;0;0;0;0;1;0;0
Jebha;Agence tétouan;0;0;1;0;0;1;0;0;0
Karia tétouan;Agence tétouan;0;0;0;0;0;0;0;1;0
Moqrisset;Agence tétouan;0;1;0;0;1;0;0;0;0
Oued laou;Agence tétouan;0;0;1;0;0;1;0;0;0
Khamis m'diq;Agence tétouan;0;0;0;0;0;0;1;0;0
Assaki;Agence tétouan;0;0;1;0;0;1;0;0;0
Ain baida;Agence tétouan;0;1;0;0;1;0;0;0;0
Dar ben karrich;Agence tétouan;0;0;0;0;0;0;1;0;0
Amter;Agence tétouan;0;0;1;0;0;1;0;0;0
Mokrisset;Agence tétouan;0;1;0;0;1;0;0;0;0
Taghramt;Agence tétouan;0;0;0;0;0;0;1;0;0
Khmis anjrah;Agence tétouan;0;0;0;0;0;0;0;1;0
Zinat tetouan;Agence tétouan;0;0;0;0;0;0;0;1;0
Allein tétouan;Agence tétouan;0;0;0;0;0;0;0;1;0
Ain lahcen;Agence tétouan;0;0;0;0;0;0;1;0;0
Centre dar akoubae;Agence tétouan;0;1;0;0;1;0;0;0;0
Tizgane;Agence tétouan;0;0;1;0;0;1;0;0;0
Tanaqoub;Agence tétouan;0;1;0;0;1;0;0;0;0
Jbel lahbib;Agence tétouan;0;0;0;0;0;0;0;1;0
Larbaa beni hassen;Agence tétouan;0;1;0;0;1;0;0;0;0
Belyounech;Agence tétouan;0;0;0;0;0;0;1;0;0
Azla;Agence tétouan;0;0;1;0;0;1;0;0;0
M'tioua;Agence tétouan;0;0;1;0;0;1;0;0;0
Saddina;Agence tétouan;0;0;0;0;0;0;1;0;0
Ain baida;Agence tétouan;0;1;0;0;1;0;0;0;0
Souk sebt oued malha;Agence tétouan;0;1;0;0;1;0;0;0;0
Ouaouzgane;Agence tétouan;0;0;1;0;0;1;0;0;0
Fès;Agence fès;0;0;0;0;0;0;1;0;0
Ifrane;Agence fès;0;1;0;0;0;0;0;0;0
Boulemane;Agence fès;0;0;0;1;0;0;0;0;0
Taounate;Agence fès;0;0;1;0;0;0;0;0;0
Ain cheggag;Agence fès;0;1;0;0;0;0;0;0;0
Bhalil;Agence fès;0;0;0;0;0;1;0;0;0
El menzel;Agence fès;0;0;0;0;0;1;0;0;0
Guigou;Agence fès;0;0;0;1;0;0;0;0;0
Imouzzer kandar;Agence fès;0;1;0;0;0;0;0;0;0
Imouzzer marmoucha;Agence fès;0;0;0;1;0;0;0;0;0
Karia ba mohamed;Agence fès;1;0;0;0;0;0;0;0;0
Matmata;Agence fès;0;0;0;0;0;1;0;0;0
M'haya;Agence fès;0;0;0;0;0;0;0;1;0
Missour;Agence fès;0;0;0;1;0;0;0;0;0
Oulad tayeb;Agence fès;0;0;0;0;0;0;1;0;0
Outat el haj;Agence fès;0;0;0;1;0;0;0;0;0
Rhafsai;Agence fès;0;0;1;0;0;0;0;0;0
Ribate el kheir;Agence fès;0;0;0;0;0;1;0;0;0
Sefrou;Agence fès;0;1;0;0;0;0;0;0;0
Thar es souk;Agence fès;0;0;1;0;0;0;0;0;0
Tissa;Agence fès;0;0;1;0;0;0;0;0;0
Zaouiat bougrine;Agence fès;0;0;0;0;0;1;0;0;0
Tlata ketama;Agence AL Houceima;0;1;0;0;0;0;0;0;0
Galaz;Agence fès;0;0;1;0;0;0;0;0;0
Ourtzagh;Agence fès;0;0;1;0;0;0;0;0;0
Zerarda;Agence fès;0;0;0;0;0;1;0;0;0
Mdaz;Agence fès;0;0;0;1;0;0;0;0;0
Zouagha;Agence fès;0;0;0;0;0;0;1;0;0
Tamedit;Agence fès;0;0;1;0;0;0;0;0;0
Sidi redouane;Agence fès;1;0;0;0;0;0;0;0;0
Ain mediouna;Agence fès;0;0;1;0;0;0;0;0;0
Bni oulid;Agence fès;0;0;1;0;0;0;0;0;0
Enjil;Agence fès;0;0;0;1;0;0;0;0;0
Moulay yacoub;Agence fès;0;0;0;0;0;0;0;1;0
Ras tabouda;Agence fès;0;0;0;0;0;1;0;0;0
Ain aicha;Agence fès;0;0;1;0;0;0;0;0;0
Mkansa;Agence fès;1;0;0;0;0;0;0;0;0
Ain chqef;Agence fès;0;0;0;0;0;0;1;0;0
Serghina;Agence fès;0;0;0;1;0;0;0;0;0
Lamjaara;Agence fès;1;0;0;0;0;0;0;0;0
Jbabra;Agence fès;1;0;0;0;0;0;0;0;0
Bouarouss;Agence fès;0;0;1;0;0;0;0;0;0
Sidi bousberr;Agence fès;1;0;0;0;0;0;0;0;0
Tafrant;Agence fès;0;0;1;0;0;0;0;0;0
Skoura m'daz;Agence fès;0;0;0;1;0;0;0;0;0
Bir tam tam;Agence fès;0;0;0;0;0;1;0;0;0
Bouzemlane;Agence fès;0;0;0;0;0;1;0;0;0
Moulay bouchta;Agence fès;0;0;1;0;0;0;0;0;0
Tahar souk;Agence fès;0;0;1;0;0;0;0;0;0
Outabouabane;Agence fès;0;0;1;0;0;0;0;0;0
Teroual;Agence fès;1;0;0;0;0;0;0;0;0
Beni ouled;Agence fès;0;0;1;0;0;0;0;0;0
Ratba;Agence fès;0;0;1;0;0;0;0;0;0
Ain allah;Agence fès;0;0;0;0;0;0;0;1;0
Tazouta;Agence fès;0;0;0;1;0;0;0;0;0
Sidi harazem;Agence fès;0;0;0;0;0;0;0;1;0
Sidi el makhfi;Agence fès;0;0;1;0;0;0;0;0;0
Tizguite;Agence fès;0;0;1;0;0;0;0;0;0
Beni yazgha;Agence fès;0;0;0;0;0;1;0;0;0
Douar ramla;Agence fès;0;0;1;0;0;0;0;0;0
Hamria;Agence fès;0;0;1;0;0;0;0;0;0
Bouhouda;Agence fès;0;0;1;0;0;0;0;0;0
Settat;Agence settat;0;0;0;0;0;0;1;0;0
Berrechid;Agence settat;0;0;0;0;0;0;1;0;0
Deroua;Agence settat;0;1;0;0;1;0;0;0;0
El borouj;Agence settat;1;0;0;1;0;0;0;0;0
El gara;Agence settat;0;0;0;0;0;0;0;1;0
Guisser;Agence settat;1;0;0;1;0;0;0;0;0
Oulad abbou;Agence settat;0;0;0;0;0;0;0;1;0
Oulad h'riz sahel;Agence settat;0;1;0;0;1;0;0;0;0
Oulad said;Agence settat;0;0;0;0;0;0;1;0;0
Ras el ain;Agence settat;0;0;1;0;0;1;0;0;0
Sidi hajjaj oulad mrah;Agence settat;1;0;0;1;0;0;0;0;0
Lakhyayeta;Agence settat;0;1;0;0;1;0;0;0;0
Quasbatt dar chafaye;Agence settat;1;0;0;1;0;0;0;0;0
Lmnassra;Agence settat;1;0;0;0;0;0;0;0;0
Bni khloug;Agence settat;1;0;0;1;0;0;0;0;0
Mezoura;Agence settat;1;0;0;1;0;0;0;0;0
Sidi hajjaj oued hassar;Agence settat;0;1;0;0;1;0;0;0;0
Ouled saleh;Agence settat;0;1;0;0;1;0;0;0;0
Ouled faress;Agence settat;0;0;1;0;0;1;0;0;0
Had mzoura ;Agence settat;0;1;0;0;1;0;0;0;0
Oulad azzouz;Agence settat;0;1;0;0;1;0;0;0;0
Beni khloug;Agence settat;1;0;0;1;0;0;0;0;0
Sidi mohamed ben rahal;Agence settat;0;0;0;0;0;0;1;0;0
Nkhakhssa;Agence kénitra;0;0;0;0;0;1;0;0;0
Tlete aoulad azouz;Agence khouribga;0;0;0;0;0;1;0;0;0
Ouled bourahema;Agence kénitra;0;0;0;0;1;0;0;0;0
Oulad jerrar;Agence tiznit;0;0;1;0;0;0;0;0;0
Ait Ali Tifni;Agence marrakech;0;0;1;0;0;0;0;0;0
